Date,Open,High,Low,Close,Volume,Dividends,Stock Splits,SMA_20,SMA_50,SMA_200,EMA_20,EMA_50,MACD,MACD_Signal,MACD_Histogram,RSI,Stoch_K,Stoch_D,BB_Mid,BB_High,BB_Low,BB_Width,ATR,OBV,VWAP,Daily_Return,Volatility_20
2024-10-23 00:00:00+05:30,24378.150390625,24604.25,24378.099609375,24435.5,284600,0.0,0.0,,,,24435.5,24435.5,0.0,0.0,0.0,,,,,,,,,0.0,24472.616536458336,,
2024-10-24 00:00:00+05:30,24412.69921875,24480.650390625,24341.19921875,24399.400390625,216700,0.0,0.0,,,,24432.061941964286,24434.08432904412,-2.022387079832697,-0.4044774159665394,-1.6179096638661576,,,,,,,,,-216700.0,24444.288100158337,-0.0014773427748562273,
2024-10-25 00:00:00+05:30,24418.05078125,24440.25,24073.900390625,24180.80078125,372600,0.0,0.0,,,,24408.132307610544,24424.151640895332,-16.019333284788445,-3.5274485897309207,-12.491884695057525,,,,,,,,,-589300.0,24353.62691401333,-0.008959220549493163,
2024-10-28 00:00:00+05:30,24251.099609375,24492.599609375,24134.900390625,24339.150390625,278600,0.0,0.0,,,,24401.56260123097,24420.81825853179,-19.25565730082235,-6.673090331949207,-12.582566968873142,,,,,,,,,-310700.0,24346.033978104664,0.0065485676346082045,
2024-10-29 00:00:00+05:30,24328.849609375,24484.5,24140.849609375,24466.849609375,332000,0.0,0.0,,,,24407.780411530402,24422.623409545253,-14.84299801485031,-8.307071868529428,-6.535926146320881,,,,,,,,,21300.0,24350.06682831972,0.0052466588480091225,
2024-10-30 00:00:00+05:30,24371.44921875,24498.19921875,24307.30078125,24340.849609375,285200,0.0,0.0,,,,24401.406049420362,24419.4165938523,-18.010544431937888,-10.247766381211122,-7.762778050726766,,,,,,,,,-263900.0,24355.23187141241,-0.005149825253829232,
2024-10-31 00:00:00+05:30,24349.849609375,24372.44921875,24172.599609375,24205.349609375,287000,0.0,0.0,,,,24382.73400751128,24411.021810147307,-28.287802636026754,-13.85577363217425,-14.432029003852504,,,,,,,,,-550900.0,24340.565935734936,-0.005566773640794054,
2024-11-01 00:00:00+05:30,24302.75,24368.25,24280.19921875,24304.349609375,38800,0.0,0.0,,,,24375.268826736396,24406.83858658761,-31.569759851216077,-17.398570875982617,-14.17118897523346,,,,,,,,,-512100.0,24340.140694282887,0.004090004961616156,
2024-11-04 00:00:00+05:30,24315.75,24316.75,23816.150390625,23995.349609375,285500,0.0,0.0,,,,24339.08604413055,24390.701763951824,-51.61571982127498,-24.24200066504109,-27.37371915623389,,,,,,,,,-797600.0,24304.481289319527,-0.0127137736646451,
2024-11-05 00:00:00+05:30,23916.5,24229.05078125,23842.75,24213.30078125,289500,0.0,0.0,,,,24327.10649528478,24383.7448626694,-56.638367384617595,-30.721274008956392,-25.917093375661203,,,,,,,,,-508100.0,24281.775791294156,0.00908305881860727,
2024-11-06 00:00:00+05:30,24308.75,24537.599609375,24204.05078125,24484.05078125,351100,0.0,0.0,,,,24342.05357013861,24387.678428103933,-45.62485796532201,-33.70199080022952,-11.922867165092491,,,,,,,,,-157000.0,24296.508520143678,0.011181870759630508,
2024-11-07 00:00:00+05:30,24489.599609375,24503.349609375,24179.05078125,24199.349609375,322200,0.0,0.0,,,,24328.462716732553,24380.29298423221,-51.83026749965575,-37.327646140114766,-14.502621359540981,,,,,,,,,-479200.0,24296.25877578388,-0.011628025706147627,
2024-11-08 00:00:00+05:30,24207.69921875,24276.150390625,24066.650390625,24148.19921875,298700,0.0,0.0,,,,24311.294764543738,24371.19126793879,-59.896503395051695,-41.84141759110216,-18.055085803949538,,,,,,,,,-777900.0,24285.38567681523,-0.002113709312467793,
2024-11-11 00:00:00+05:30,24087.25,24336.80078125,24004.599609375,24141.30078125,273400,0.0,0.0,,,,24295.104861372907,24362.175954735307,-67.07109336239955,-46.88735274536164,-20.183740617037913,42.79523604534366,41.257524652608254,,,,,,290.95703125,-1051300.0,24276.694372838007,-0.00028567088740283353,
2024-11-12 00:00:00+05:30,24225.80078125,24242.0,23839.150390625,23883.44921875,255800,0.0,0.0,,,,24255.899562075487,24343.402357245686,-87.50279517019953,-55.01044123032922,-32.49235393987031,37.99655163627407,9.328283457233974,,,,,,303.57840401785717,-1307100.0,24259.004487688246,-0.010680930776533315,
2024-11-13 00:00:00+05:30,23822.44921875,23873.599609375,23509.599609375,23559.05078125,304600,0.0,0.0,,,,24189.533011520678,24312.64347191252,-123.11046039184293,-68.63044506263196,-54.48001532921097,33.76355398840283,4.810425279669261,18.46541112983716,,,,,320.32114955357144,-1611700.0,24217.387605378488,-0.013582562322921432,
2024-11-14 00:00:00+05:30,23542.150390625,23675.900390625,23484.150390625,23532.69921875,257700,0.0,0.0,,,,24126.977412209188,24282.057422768892,-155.08001055970453,-85.92035816204648,-69.15965239765805,36.473093592749734,4.608558937715763,6.249089224872999,,,,,307.84974888392856,-1869400.0,24181.83341000332,-0.0011185324376894457,
2024-11-18 00:00:00+05:30,23605.30078125,23606.80078125,23350.400390625,23453.80078125,263300,0.0,0.0,,,,24062.865352117835,24249.57677016031,-186.711418042476,-106.07857013813239,-80.6328479043436,30.887475766716236,8.709607367655623,6.042863861680215,,,,,300.61411830357144,-2132700.0,24144.34560683602,-0.0033527151631265184,
2024-11-19 00:00:00+05:30,23529.55078125,23780.650390625,23464.80078125,23518.5,297500,0.0,0.0,,,,24011.021032868517,24220.907092899124,-209.88606003060704,-126.84006811662732,-83.04599191397972,28.955030846566387,14.159342991481394,9.159169765617593,,,,,299.4140625,-1835200.0,24113.085189038164,0.002758581406631766,
2024-11-21 00:00:00+05:30,23488.44921875,23507.30078125,23263.150390625,23349.900390625,420300,0.0,0.0,24057.56005859375,,,23948.05716217866,24186.74996731975,-238.6928051410905,-149.21061552151997,-89.48218961957053,28.417745426331265,6.806862032924762,9.891937464020593,24057.56005859375,24803.107210132508,23312.012907054992,0.06198027977258953,304.01771763392856,-2255500.0,24058.69096128248,-0.007168807933116472,
2024-11-22 00:00:00+05:30,23411.80078125,23956.099609375,23359.0,23907.25,367600,0.0,0.0,24031.14755859375,,,23944.17076578069,24175.789184287605,-231.61841850691417,-165.6921761185988,-65.92624238831536,44.51538761731796,50.53944872018856,23.83521791486491,24031.14755859375,24757.500343450025,23304.794773737478,0.060450944598900214,333.04268973214283,-1887900.0,24039.478622699502,0.023869464111237804,0.0093295156278574
2024-11-25 00:00:00+05:30,24253.55078125,24351.55078125,24135.44921875,24221.900390625,687200,0.0,0.0,24022.27255859375,,,23970.621206242053,24177.59746688907,-206.97626064701763,-173.94899302428257,-33.02726762273505,48.59457566266087,75.22857606993217,44.19162894101516,24022.27255859375,24733.867643108904,23310.6774740786,0.05924460999928053,353.14271763392856,-1200700.0,24059.457609089262,0.013161295867362366,0.009853799723965573
2024-11-26 00:00:00+05:30,24343.30078125,24343.30078125,24125.400390625,24194.5,230700,0.0,0.0,24022.95751953125,,,23991.942996123762,24178.260311324793,-186.3173152010313,-176.42265745963232,-9.894657741398987,53.75521583329957,73.07859706552156,66.2822072852141,24022.95751953125,24735.22116693617,23310.69387212633,0.059298581103166305,332.94991629464283,-1431400.0,24064.783338269663,-0.0011312238174179257,0.00964581515192818
2024-11-27 00:00:00+05:30,24204.80078125,24354.55078125,24145.650390625,24274.900390625,295000,0.0,0.0,24019.74501953125,,,24018.891319409595,24182.050118356172,-163.158798946577,-173.76988575702126,10.611086810444249,51.225082911299474,79.38723529465854,75.89813614337076,24019.74501953125,24726.56272351508,23312.92731554742,0.058853056384161724,320.27845982142856,-1136400.0,24072.61096526716,0.003323085437806128,0.009558404768297368
2024-11-28 00:00:00+05:30,24274.150390625,24345.75,23873.349609375,23914.150390625,366700,0.0,0.0,23992.11005859375,,,24008.91599285868,24171.54424668044,-162.62825382176015,-171.54155936996904,8.913305548208882,39.057630733991395,52.4915666900794,68.31913301675317,23992.11005859375,24667.860309365016,23316.359807822482,0.05633103958934363,330.19642857142856,-1503100.0,24071.261651184337,-0.014861029054492936,0.010014278013219446
2024-11-29 00:00:00+05:30,23927.150390625,24188.44921875,23927.150390625,24131.099609375,282100,0.0,0.0,23981.62255859375,,,24020.552527764998,24169.958182472386,-149.40565470738875,-167.11437843745298,17.708723730064236,48.65456141566752,79.52619645416851,70.46833281296882,23981.62255859375,24640.89352350081,23322.35159368669,0.05498134776296129,326.625,-1221000.0,24071.65123857554,0.009072001940535257,0.010214085271972555
2024-12-02 00:00:00+05:30,24140.849609375,24301.69921875,24008.650390625,24276.05078125,220400,0.0,0.0,23985.1576171875,,,24044.88569476357,24174.118676542097,-129.23298177852848,-159.5380991056681,30.305117327139612,52.43050089259457,92.80740590948055,74.9417230179095,23985.1576171875,24650.212538040312,23320.102696334685,0.05545553891847203,332.5927734375,-1000600.0,24074.993506487703,0.006006820004948565,0.010232788348723243
2024-12-03 00:00:00+05:30,24367.5,24481.349609375,24280.0,24457.150390625,339500,0.0,0.0,23992.79765625,,,24084.148999131325,24185.21795944731,-101.06896031598444,-147.84427134773136,46.775311031746924,55.63142356286655,98.01352534318394,90.115709235611,23992.79765625,24676.539985860112,23309.05532663989,0.05699563172300585,323.5283203125,-661100.0,24088.21426397283,0.007460011144599932,0.010327601151752783
2024-12-04 00:00:00+05:30,24488.75,24573.19921875,24366.30078125,24467.44921875,348000,0.0,0.0,24016.40263671875,,,24120.65378195215,24196.285851968983,-75.63207001683259,-133.40183108155162,57.769761064719034,61.4205396156079,91.92778179486987,94.24957101584478,24016.40263671875,24732.35407059626,23300.451202841243,0.05962187132746414,309.5318080357143,-313100.0,24103.182977811317,0.00042109681465385407,0.009859212790389198
2024-12-05 00:00:00+05:30,24539.150390625,24857.75,24295.55078125,24708.400390625,361500,0.0,0.0,24041.1576171875,,,24176.629649444803,24216.368775053532,-39.7391256087285,-114.669289986987,74.9301643782585,73.23467747985359,90.63403700233332,93.52511471346237,24041.1576171875,24817.46757907125,23264.847655303747,0.06458174554196609,322.9853515625,48400.0,24123.482348834365,0.009847825562885104,0.009893551133568107
2024-12-06 00:00:00+05:30,24729.44921875,24751.05078125,24620.5,24677.80078125,226700,0.0,0.0,24050.8451171875,,,24224.36023342625,24234.464147845552,-10.103914419301873,-93.75621487344998,83.6523004541481,73.10911054527682,88.7150844831493,90.42563442678416,24050.8451171875,24854.770317402566,23246.91991697243,0.06685213731974494,318.61397879464283,-178300.0,24136.92117282944,-0.0012384293961259507,0.009610454202210746
2024-12-09 00:00:00+05:30,24633.900390625,24705.0,24580.05078125,24619.0,248100,0.0,0.0,24071.82763671875,,,24261.944973099944,24249.543985184944,12.40098791499986,-72.52477431576001,84.92576223075987,73.70700343336725,85.02758945905062,88.12557031484441,24071.82763671875,24913.110588051535,23230.544685385965,0.06989772143844256,309.224609375,-426400.0,24149.667581663572,-0.0023827399277279726,0.009213693887982788
2024-12-10 00:00:00+05:30,24652.650390625,24677.80078125,24510.650390625,24610.05078125,261000,0.0,0.0,24094.92021484375,,,24295.09790720947,24263.68150659926,31.416400610210985,-51.73653933056581,83.1529399407768,72.72407164047048,84.46636903121498,86.06968099113828,24094.92021484375,24969.717269376753,23220.123160310748,0.07261257117540329,297.81752232142856,-687400.0,24161.46769735744,-0.0003635086213900074,0.009191847433898375
2024-12-11 00:00:00+05:30,24620.5,24691.75,24583.849609375,24641.80078125,187300,0.0,0.0,24119.94521484375,,,24328.117228546667,24278.50971344831,49.60751509835609,-31.46772844478143,81.07524354313752,78.52002666370021,85.59137823185988,85.02844557404183,24119.94521484375,25028.319603914202,23211.570825773295,0.07532143054051611,287.28543526785717,-500100.0,24170.293551218707,0.0012901233029631864,0.009187110394886781
2024-12-12 00:00:00+05:30,24604.44921875,24675.25,24527.94921875,24548.69921875,266100,0.0,0.0,24153.20771484375,,,24349.125037137463,24289.10538032289,60.019656814572954,-13.17025139291055,73.18990820748351,67.8115787030308,68.6051748665213,79.55430737653205,24153.20771484375,25073.75742561308,23232.65800407442,0.07622587621797258,254.50697544642858,-766200.0,24180.874948645116,-0.003778196379659149,0.008845884076526814
2024-12-13 00:00:00+05:30,24498.349609375,24792.30078125,24180.80078125,24768.30078125,310100,0.0,0.0,24213.67021484375,,,24389.046536576752,24307.897356829835,81.14917974691707,5.693634835054972,75.45554491186209,66.017802074733,90.91332961649799,81.70329423829305,24213.67021484375,25128.73807519379,23298.602354493712,0.07558274745057629,266.4497767857143,-456100.0,24192.44150118585,0.008945547808588916,0.008250365390736621
2024-12-16 00:00:00+05:30,24753.400390625,24781.25,24601.75,24668.25,187600,0.0,0.0,24270.44775390625,,,24415.63734261706,24322.028833032586,93.60850958447554,23.27660978493909,70.33189979953644,63.320651183020566,80.74970288464782,80.08940245588903,24270.44775390625,25147.746977022107,23393.148530790393,0.07229361666594375,263.70689174107144,-643700.0,24200.896873260812,-0.004039468921733236,0.008343823820119898
2024-12-17 00:00:00+05:30,24584.80078125,24624.099609375,24303.44921875,24336.0,264900,0.0,0.0,24314.55771484375,,,24408.052833796388,24322.57672193327,85.4761118631177,35.71651020057482,49.75960166254288,51.50483975089786,46.998192506939304,72.88707500269504,24314.55771484375,25103.204416962028,23525.911012725475,0.06487033088303445,274.84263392857144,-908600.0,24206.123084104533,-0.013468730047733413,0.008991845930358365
2024-12-18 00:00:00+05:30,24297.94921875,24394.44921875,24149.849609375,24198.849609375,235300,0.0,0.0,24348.5751953125,,,24388.128717184827,24317.724678303533,70.40403888129367,42.654015936718594,27.75002294457508,57.87983955542581,29.19614579813502,52.314680396574055,24348.5751953125,25046.069039749364,23651.081350875636,0.057292374509958395,258.57114955357144,-1143900.0,24206.981511722068,-0.005635699812006956,0.009143611705649117
2024-12-19 00:00:00+05:30,23877.150390625,24004.900390625,23870.30078125,23951.69921875,271100,0.0,0.0,24378.66513671875,,,24346.564003048177,24303.3707387132,43.19326433497554,42.76186561636999,0.4313987186055499,45.1162439533259,8.243303650899769,28.145880651991366,24378.66513671875,24931.726470170623,23825.60380326688,0.04537256903527988,262.44614955357144,-1415000.0,24200.83388299277,-0.010213311567061067,0.009318608715326906
2024-12-20 00:00:00+05:30,23960.69921875,24065.80078125,23537.349609375,23587.5,442700,0.0,0.0,24362.67763671875,,,24274.272193234065,24275.297376410723,-1.0251831766581745,34.004455857764356,-35.02963903442253,33.254706226582854,3.798119947636622,13.745856465557138,24362.67763671875,24987.01105345671,23738.344219980787,0.051253267481320176,279.26060267857144,-1857700.0,24183.636413470264,-0.01520556915080562,0.008390836082838051
2024-12-23 00:00:00+05:30,23738.19921875,23869.55078125,23647.19921875,23753.44921875,189800,0.0,0.0,24339.255078125,,,24224.670005187963,24254.83274277697,-30.1627375890057,21.171017168410344,-51.333754757416045,32.759206462683665,16.36621822511815,9.46921394121818,24339.255078125,25018.55529540529,23659.954860844708,0.055819310418486506,284.74288504464283,-1667900.0,24177.05132232173,0.0070354729729729115,0.007961365166385874
2024-12-24 00:00:00+05:30,23769.099609375,23867.650390625,23685.150390625,23727.650390625,177700,0.0,0.0,24315.91259765625,,,24177.334803801015,24234.15892504552,-56.82412124450639,5.571989485826997,-62.39611073033338,32.011432077634794,14.41235420719035,11.525564126648375,24315.91259765625,25046.318478033558,23585.506717278942,0.06007636994448728,283.00013950892856,-1845600.0,24171.116207072617,-0.0010861087115143775,0.007961316253771979
2024-12-26 00:00:00+05:30,23775.80078125,23854.5,23653.599609375,23750.19921875,177700,0.0,0.0,24289.6775390625,,,24136.65522427235,24215.180113033934,-78.52488876158532,-11.247386163655467,-67.27750259792985,23.93217889384222,16.96078812827317,15.913120186860558,24289.6775390625,25062.733623755743,23516.62145436926,0.0636530545496142,257.19308035714283,-1667900.0,24165.24406094633,0.0009503186263191132,0.007911915326517511
2024-12-27 00:00:00+05:30,23801.400390625,23938.849609375,23800.599609375,23813.400390625,176800,0.0,0.0,24284.6400390625,,,24105.869049639266,24199.424045488486,-93.55499584921927,-27.708908100768227,-65.84608774845104,26.893892327113903,21.99693401915849,17.79002545154067,24284.6400390625,25069.226605038297,23500.0534730867,0.06461586951371481,261.34305245535717,-1491100.0,24160.9152838466,0.002661079652128029,0.007245589745673832
2024-12-30 00:00:00+05:30,23796.900390625,23915.349609375,23599.30078125,23644.900390625,364900,0.0,0.0,24260.330078125,,,24061.96727259029,24177.678019807565,-115.71074721727564,-45.30927592406971,-70.40147129320593,25.40402401507896,8.570116802975713,15.842612983469126,24260.330078125,25093.568408583462,23427.091747666538,0.06869142569579252,274.99302455357144,-1856000.0,24148.723986803092,-0.007075847935867907,0.007056882535110632
2024-12-31 00:00:00+05:30,23560.599609375,23689.849609375,23460.44921875,23644.80078125,193600,0.0,0.0,24228.767578125,,,24022.23713055788,24156.780873197466,-134.5437426395838,-63.15616926717253,-71.38757337241127,25.518065413560663,13.841749913478067,14.802933578537425,24228.767578125,25106.151775860326,23351.383380389674,0.07242499602228834,279.439453125,-2049600.0,24140.769704494,-4.212721278373799e-06,0.006868540895409232
2025-01-01 00:00:00+05:30,23637.650390625,23822.80078125,23562.80078125,23742.900390625,154900,0.0,0.0,24193.055078125,,,23995.633631516655,24140.55026603776,-144.91663452110515,-79.50826231795907,-65.40837220314609,27.943272472138958,21.207406277679684,14.539757664711155,24193.055078125,25089.24173117965,23296.868425070348,0.07408627394602751,290.3037109375,-1894700.0,24135.83958764027,0.004148887118253564,0.0066838542440355656
2025-01-02 00:00:00+05:30,23783.0,24226.69921875,23751.55078125,24188.650390625,283200,0.0,0.0,24179.11513671875,,,24014.016180003164,24142.43654543334,-128.42036543017457,-89.29068294040218,-39.12968248977239,42.46869941717142,54.67585070126761,29.908335630808455,24179.11513671875,25065.955272294443,23292.275001143054,0.07335588011067667,314.3392857142857,-1611500.0,24134.197580718945,0.018774033191665485,0.008071472347396458
2025-01-03 00:00:00+05:30,24196.400390625,24196.44921875,23976.0,24004.75,312300,0.0,0.0,24143.9326171875,24131.6541015625,,24013.13368666953,24137.037073063402,-123.90338639387119,-96.21322363109599,-27.690162762775202,33.78631032366164,41.20990757855822,39.03105485250184,24143.9326171875,24997.570023400847,23290.295210974153,0.07071237480224433,286.40708705357144,-1923800.0,24132.53886947399,-0.007602755327609123,0.00782878245465592
2025-01-06 00:00:00+05:30,24045.80078125,24089.94921875,23551.900390625,23616.05078125,278100,0.0,0.0,24090.8451171875,24115.2651171875,,23975.316267105765,24116.606238090328,-141.2899709845624,-105.22857310178927,-36.06139788277312,30.09683988390445,13.371848087158373,36.419202122328066,24090.8451171875,24936.712876430214,23244.977357944783,0.07022317026472727,312.01771763392856,-2201900.0,24125.214001833247,-0.016192595996625703,0.008496711275213908
2025-01-07 00:00:00+05:30,23679.900390625,23795.19921875,23637.80078125,23707.900390625,262300,0.0,0.0,24045.29013671875,24101.4351171875,,23949.84808839331,24100.57855779757,-150.73046940425775,-114.32895236228298,-36.40151704197477,36.93036480224468,26.49370148554604,27.025152383754207,24045.29013671875,24869.2449416307,23221.335331806804,0.06853357145844657,298.7568359375,-1939600.0,24117.86294809541,0.0038892874268343647,0.0086032198476797
2025-01-08 00:00:00+05:30,23746.650390625,23751.849609375,23496.150390625,23688.94921875,266400,0.0,0.0,23999.23505859375,24091.5980859375,,23925.00057699871,24084.436230776097,-159.4356537773856,-123.3502926453035,-36.0853611320821,38.84096378332401,29.820554649265908,23.228701407323438,23999.23505859375,24792.679923834257,23205.79019335324,0.06612251293037674,299.54966517857144,-2206000.0,24109.449743610003,-0.0007993610384197103,0.008599811452335883
2025-01-09 00:00:00+05:30,23674.75,23689.5,23503.05078125,23526.5,269200,0.0,0.0,23943.47001953125,24075.345078125,,23887.04814109407,24062.5563785888,-175.50823749473057,-133.78188161518892,-41.72635587954164,40.336364233601266,8.620004078303426,21.644753404371787,23943.47001953125,24702.801861335753,23184.13817772675,0.06342705056410763,289.39969308035717,-2475200.0,24099.962717659444,-0.006857594959147506,0.008635127313973475
2025-01-10 00:00:00+05:30,23551.900390625,23596.599609375,23344.349609375,23431.5,261000,0.0,0.0,23887.61005859375,24054.6380859375,,23843.662603847017,24037.809069624534,-194.14646577751773,-145.85479844765467,-48.29166732986306,45.96021720306545,9.877081567104876,16.105880098224734,23887.61005859375,24623.485081019015,23151.735036168484,0.06161143962248569,269.67103794642856,-2736200.0,24089.132031128895,-0.004037999702463213,0.008637698341563202
2025-01-13 00:00:00+05:30,23195.400390625,23340.94921875,23047.25,23085.94921875,316500,0.0,0.0,23803.49248046875,24029.540078125,,23771.499424313966,24000.48123233534,-228.98180802137358,-162.48020036239848,-66.5016076589751,34.18545076277806,3.2811263202169973,7.259403988541764,23803.49248046875,24498.998482586474,23107.986478351027,0.058437307272317295,276.97098214285717,-3052700.0,24070.47985298609,-0.014747275302477436,0.008640269366396294
2025-01-14 00:00:00+05:30,23165.900390625,23264.94921875,23134.150390625,23176.05078125,311200,0.0,0.0,23728.88251953125,24008.9541015625,,23714.790029736447,23968.150626410425,-253.36059667397785,-180.65627962471436,-72.7043170492635,37.3178067748173,10.920417700263961,8.026208529195275,23728.88251953125,24349.960603964264,23107.804435098235,0.05234785784132946,276.72098214285717,-2741500.0,24053.50493240349,0.003902874499386977,0.008794128198215623
2025-01-15 00:00:00+05:30,23250.44921875,23293.650390625,23146.44921875,23213.19921875,228000,0.0,0.0,23672.74248046875,23987.13109375,,23667.019476309168,23938.544688855116,-271.5252125459483,-198.83006620896114,-72.69514633698716,37.73581034184359,14.07006050891074,9.423868176463897,23672.74248046875,24265.072223267525,23080.412737669976,0.05004318728913454,272.8853236607143,-2513500.0,24041.842249404006,0.0016028803979861728,0.008497648351572868
2025-01-16 00:00:00+05:30,23377.25,23391.650390625,23272.05078125,23311.80078125,299400,0.0,0.0,23628.3900390625,23973.4601171875,,23633.18912439877,23913.966496400015,-280.77737200124466,-215.21952736741787,-65.55784463382679,38.726584592207345,22.430027257161214,15.806835155445304,23628.3900390625,24186.715808511108,23070.06426961389,0.04725889225000806,272.1568080357143,-2214100.0,24028.94548635685,0.004247650725383689,0.008581924303393848
2025-01-17 00:00:00+05:30,23277.099609375,23292.099609375,23100.349609375,23203.19921875,272900,0.0,0.0,23590.9650390625,23953.2580859375,,23592.23770481317,23886.093269825506,-293.8555650123344,-230.94673489640118,-62.90883011593323,39.798119596275285,13.222207134553669,16.574098300208536,23590.9650390625,24158.313851003593,23023.616227121405,0.04809882181603541,264.685546875,-2487000.0,24015.5447158128,-0.004658651792672774,0.00838395507994041
2025-01-20 00:00:00+05:30,23290.400390625,23391.099609375,23170.650390625,23344.75,301500,0.0,0.0,23578.8275390625,23930.4720703125,,23568.667447211916,23864.864121989212,-296.1966747772967,-243.9967228725803,-52.199951904716414,43.49484502905653,25.223637887122898,20.291957426279257,23578.8275390625,24156.77593673936,23000.879141385638,0.04902265786705356,264.04617745535717,-2185500.0,24003.048653053604,0.006100485537167577,0.007897366442335966
2025-01-21 00:00:00+05:30,23421.650390625,23426.30078125,22976.849609375,23024.650390625,312900,0.0,0.0,23542.38759765625,23906.9780859375,,23516.856298965544,23831.914563896502,-315.0582649309581,-258.20903128425584,-56.84923364670226,35.79553267524987,3.8245226378798702,14.090122553185479,23542.38759765625,24164.21476242854,22920.560432883958,0.05282617680070786,277.57840401785717,-2498400.0,23987.685782750832,-0.013711845677293555,0.008213488098421885
2025-01-22 00:00:00+05:30,23099.150390625,23169.55078125,22981.30078125,23155.349609375,276000,0.0,0.0,23513.77255859375,23887.12109375,,23482.427090433113,23805.382604895658,-322.95551446254467,-271.15832791991363,-51.79718654263104,26.655988562956693,14.63595089961325,14.561370474872005,23513.77255859375,24152.154980069645,22875.390137117858,0.05429859627034447,256.4677734375,-2222400.0,23973.954488541138,0.0056764909144164655,0.008370205178139046
2025-01-23 00:00:00+05:30,23128.30078125,23270.80078125,23090.650390625,23205.349609375,275600,0.0,0.0,23486.530078125,23868.4020703125,,23456.03875890377,23781.85189918897,-325.81314028519773,-282.0892903929705,-43.723849892227236,30.777200515121606,20.52826162865169,12.996245055381602,23486.530078125,24128.920621144647,22844.139535105354,0.0547028906256322,253.58928571428572,-1946800.0,23961.98587947724,0.0021593282262408753,0.008390791786397034
2025-01-24 00:00:00+05:30,23183.900390625,23347.30078125,23050.0,23092.19921875,264300,0.0,0.0,23450.47001953125,23852.5770703125,,23421.387374127222,23754.8066960345,-333.41932190727675,-292.3552966958317,-41.06402521144503,35.47885161371359,14.095394933113761,16.4198691537929,23450.47001953125,24096.560727732012,22804.37931133049,0.055102580687095004,236.39299665178572,-2211100.0,23950.474562260213,-0.004876047658393667,0.008380990218557604
2025-01-27 00:00:00+05:30,22940.150390625,23007.44921875,22786.900390625,22829.150390625,257400,0.0,0.0,23409.68251953125,23837.9790625,,23364.983851888912,23718.50644876354,-353.5225968746272,-304.5887567315908,-48.93384014303638,27.752636534094947,4.378468750379513,13.000708437381652,23409.68251953125,24105.197508472083,22714.167530590414,0.059421138100489004,245.40373883928572,-2468500.0,23935.583101625325,-0.011391241935562957,0.008585077406364485
2025-01-28 00:00:00+05:30,22960.44921875,23137.94921875,22857.650390625,22957.25,361900,0.0,0.0,23375.30498046875,23826.470078125,,23326.15205647092,23688.65325469438,-362.50119822346096,-316.1712450299649,-46.32995319349607,32.44569190111147,18.873219931145066,12.449027871546113,23375.30498046875,24089.60235450584,22661.00760643166,0.06111555546624289,249.19656808035714,-2106600.0,23917.425306176585,0.005611229817278129,0.008734629596835276
2025-01-29 00:00:00+05:30,23026.75,23183.349609375,22976.5,23163.099609375,226300,0.0,0.0,23346.31494140625,23820.6560546875,,23310.623251985595,23668.043307819113,-357.42005583351784,-324.4210071906755,-32.999048642842354,41.45945811962203,46.46160080662669,23.23776316271709,23346.31494140625,24044.680671981423,22647.949210831077,0.05982663493813962,252.02873883928572,-1880300.0,23907.874204583273,0.008966649288351114,0.008960337392298517
2025-01-30 00:00:00+05:30,23169.5,23322.05078125,23139.19921875,23249.5,361900,0.0,0.0,23299.357421875,23815.2760546875,,23304.80198989173,23651.629844767383,-346.82785487565343,-328.9023767276711,-17.925478147982346,45.705323547901244,72.34897196775543,45.89459756850906,23299.357421875,23874.708801167762,22724.006042582238,0.04938774652665605,247.07170758928572,-1518400.0,23895.452751524608,0.003730087599762788,0.007744528049129377
2025-01-31 00:00:00+05:30,23296.75,23546.80078125,23277.400390625,23508.400390625,304900,0.0,0.0,23274.53994140625,23818.4460546875,,23324.192313771087,23646.013003428467,-321.82068965737926,-327.4860393136127,5.665349656233445,60.39367119872601,94.94665470649166,71.25240916029126,23274.53994140625,23757.118731838287,22791.96115097421,0.041468384908740004,240.86104910714286,-1213500.0,23888.522578448203,0.011135740150325812,0.008147590033920632
2025-02-03 00:00:00+05:30,23319.349609375,23381.599609375,23222.0,23361.05078125,329700,0.0,0.0,23261.78994140625,23807.5220703125,,23327.702644007175,23634.838014323428,-307.1353703162531,-323.41590551414083,16.28053519788773,54.42689638669538,75.55600677514785,80.95054448313165,23261.78994140625,23719.195460971183,22804.384421841314,0.03932676898184412,248.53250558035714,-1543200.0,23879.260783066708,-0.006267955578711404,0.007446442911038954
2025-02-04 00:00:00+05:30,23509.900390625,23762.75,23423.150390625,23739.25,376700,0.0,0.0,23263.357421875,23797.8690625,,23366.89763029221,23638.93260199702,-272.03497170481205,-313.1397187522751,41.104747047463036,60.821637328216184,97.59184204469263,89.36483450877738,23263.357421875,23727.367069928052,22799.347773821948,0.039891890034474076,266.7109375,-1166500.0,23874.90844234197,0.016189306820631133,0.00828963653663379
2025-02-05 00:00:00+05:30,23801.75,23807.30078125,23680.44921875,23696.30078125,267000,0.0,0.0,23263.725,23787.905078125,,23398.269358954854,23641.182334516747,-242.91297556189238,-299.09437011419857,56.18139455230619,58.09508301341833,89.12191713960321,87.42325531981457,23263.725,23729.16365029523,22798.286349704766,0.04001411212479798,263.02525111607144,-1433500.0,23873.025281083872,-0.001809207062143936,0.008298465572596479
2025-02-06 00:00:00+05:30,23761.94921875,23773.55078125,23556.25,23603.349609375,307000,0.0,0.0,23267.56748046875,23774.4740625,,23417.80081137582,23639.69869823668,-221.89788686086104,-283.65507346353104,61.757186602670004,58.4804645945353,80.01263290872723,88.90879736434101,23267.56748046875,23743.295461830756,22791.839499106747,0.04089193954300033,263.44308035714283,-1740500.0,23869.70390158168,-0.003922602634608197,0.008195224480615965
2025-02-07 00:00:00+05:30,23649.5,23694.5,23443.19921875,23559.94921875,368100,0.0,0.0,23273.98994140625,23767.3900390625,,23431.338754935266,23636.571267668573,-205.23251273330607,-267.97056131748604,62.73804858417998,54.758733400018315,75.75936222951698,81.6313040926158,23273.98994140625,23762.337214956056,22785.642667856442,0.04196506699360552,265.64676339285717,-2108600.0,23864.50263736701,-0.0018387386257991967,0.008150067397370965
2025-02-10 00:00:00+05:30,23543.80078125,23568.599609375,23316.30078125,23381.599609375,234200,0.0,0.0,23288.7724609375,23752.4000390625,,23426.601693453336,23626.57237910804,-199.97068565470545,-254.37058618492992,54.39990053022447,58.4212049329743,58.28096737455617,71.3509875042668,23288.7724609375,23771.013851160762,22806.531070714238,0.04141406688842278,251.564453125,-2342800.0,23859.736577174794,-0.007570033692307909,0.007591264028998548
2025-02-11 00:00:00+05:30,23383.55078125,23390.05078125,22986.650390625,23071.80078125,268000,0.0,0.0,23283.5599609375,23728.3150390625,,23392.811130386355,23604.81663017243,-212.00549978607523,-245.897568905159,33.89206911908377,48.18249412604467,27.92045095656002,53.98692685354439,23283.5599609375,23773.12942425271,22793.990497622286,0.04205280155925952,266.93233816964283,-2610800.0,23851.086185055014,-0.013249684936046169,0.008154114657902271
2025-02-12 00:00:00+05:30,23050.80078125,23144.69921875,22798.349609375,23045.25,279700,0.0,0.0,23275.1625,23700.07703125,,23359.71007034956,23582.872840753906,-223.1627704043458,-241.35060920499637,18.18783880065058,46.481324245642384,25.3184545741657,37.173290968427295,23275.1625,23775.457652598197,22774.8673474018,0.04298961630005367,278.8037109375,-2890500.0,23840.35458549041,-0.0011507892904301098,0.008145424031323888
2025-02-13 00:00:00+05:30,23055.75,23235.5,22992.19921875,23031.400390625,265700,0.0,0.0,23261.14248046875,23671.3560546875,,23328.442481804363,23561.24647016062,-232.803988356256,-239.64128503524833,6.837296678992317,48.60277371568203,23.96118251681995,25.733362682515224,23261.14248046875,23772.703306095125,22749.58165484237,0.04398415306177756,274.94656808035717,-3156200.0,23831.470330271746,-0.0006009745771905495,0.008073802142499958
2025-02-14 00:00:00+05:30,23096.44921875,23133.69921875,22774.849609375,22929.25,254500,0.0,0.0,23247.44501953125,23635.773046875,,23290.424150203948,23536.462294860205,-246.03814465625692,-240.92065695945004,-5.117487696806876,52.4841092812267,14.95474021736046,21.411459102782036,23247.44501953125,23779.786730186155,22715.103308876343,0.04579786812767262,278.77162388392856,-3410700.0,23821.58740388043,-0.004435266153706374,0.008068006360939349
2025-02-17 00:00:00+05:30,22809.900390625,22974.19921875,22725.44921875,22959.5,207400,0.0,0.0,23228.18251953125,23601.40703125,,23258.90756447024,23513.836322512747,-254.92875804250798,-243.72227717606165,-11.206480866446327,50.05868700062559,21.634278616665583,20.183400450281997,23228.18251953125,23773.42312450121,22682.94191456129,0.04694647155553377,274.482421875,-3203300.0,23813.158439317267,0.0013192755977626813,0.007929830711180036
2025-02-18 00:00:00+05:30,22963.650390625,22992.5,22801.5,22945.30078125,210600,0.0,0.0,23224.2150390625,23567.933046875,,23229.040251782597,23491.54081109068,-262.5005593080823,-247.47793360246578,-15.02262570561652,43.68808392567863,20.321786289419904,18.970268374481982,23224.2150390625,23776.796862399868,22671.63321572513,0.04758669538737398,271.97530691964283,-3413900.0,23804.995788867625,-0.0006184463402948426,0.0073253522881178024
2025-02-19 00:00:00+05:30,22847.25,23049.94921875,22814.849609375,22932.900390625,207000,0.0,0.0,23213.092578125,23534.3900390625,,23200.836455481873,23469.633343621437,-268.79688813956454,-251.74172450988556,-17.055163629678987,40.41361854127611,19.175567061678112,20.3772106559212,23213.092578125,23780.272914022284,22645.912242227718,0.04886727901406543,275.70731026785717,-3620900.0,23797.287664192467,-0.0005404326900405598,0.00719598712051581
2025-02-20 00:00:00+05:30,22821.099609375,22923.849609375,22812.75,22913.150390625,240800,0.0,0.0,23198.4826171875,23499.81703125,,23173.43778263836,23447.81048271962,-274.3727000812578,-256.26791962416,-18.104780457097775,28.923957843489802,17.34999313965496,18.94911549691766,23198.4826171875,23781.33957840543,22615.62565596957,0.050249576305141486,263.0537109375,-3861700.0,23787.98884462409,-0.0008612081186238907,0.0071698140223519875
2025-02-21 00:00:00+05:30,22857.19921875,22921.0,22720.30078125,22795.900390625,242800,0.0,0.0,23183.66767578125,23464.7610546875,,23137.481840541852,23422.245381068853,-284.76354052700117,-261.9670438047283,-22.796496722272877,29.553892050553344,6.954885867065317,14.493482022799462,23183.66767578125,23792.3880359976,22574.9473155649,0.05251286109938919,256.9321986607143,-4104500.0,23778.08302646911,-0.005117148798882476,0.007177564549472852
2025-02-24 00:00:00+05:30,22609.349609375,22668.05078125,22518.80078125,22553.349609375,214300,0.0,0.0,23169.87763671875,23420.46203125,,23081.85019947834,23388.171037080858,-306.3208376025177,-270.8378025642862,-35.48303503823149,2.4269889697989555,2.68132154637175,8.995400184364009,23169.87763671875,23823.27077561443,22516.48449782307,0.056400223526446934,248.0322265625,-4318800.0,23767.44196249897,-0.010640105330068539,0.007119977389749741
2025-02-25 00:00:00+05:30,22516.44921875,22625.30078125,22513.900390625,22547.55078125,250300,0.0,0.0,23149.39267578125,23378.048046875,,23030.964540599452,23355.205536852194,-324.24099625274175,-281.51844130197736,-42.72255495076439,2.5015505478602478,2.6714071519720406,4.102538188469702,23149.39267578125,23854.497349151334,22444.28800241117,0.06091776862101081,246.92857142857142,-4569100.0,23755.067258975672,-0.00025711604818956513,0.006970604741084761
2025-02-27 00:00:00+05:30,22568.94921875,22613.30078125,22508.400390625,22545.05078125,289200,0.0,0.0,23118.490234375,23342.2290625,,22984.687039709028,23323.434762122695,-338.74772241366736,-292.9642975243154,-45.78342488935198,2.703792606817103,3.089992639346071,2.8142404458966204,23118.490234375,23873.4753342209,22363.5051345291,0.06531439485813043,238.89997209821428,-4858300.0,23741.003918993003,-0.00011087678764998277,0.006580545263115117
2025-02-28 00:00:00+05:30,22433.400390625,22450.349609375,22104.849609375,22124.69921875,551300,0.0,0.0,23062.2501953125,23300.7460546875,,22902.78343771293,23276.425525127688,-373.64208741475886,-309.09985550240407,-64.5422319123548,2.022396790907564,1.3560792058070026,2.3724929990417047,23062.2501953125,23934.598515878388,22189.90187474661,0.07565162229860789,252.39285714285714,-5409600.0,23707.897168508833,-0.018644959666695105,0.007511054845621289
2025-03-03 00:00:00+05:30,22194.55078125,22261.55078125,22004.69921875,22119.30078125,282400,0.0,0.0,22992.79521484375,23264.0980859375,,22828.16604185932,23231.04808419131,-402.8820423319885,-327.85629286832096,-75.02574946366752,2.2868178710800606,8.272381220922036,4.23948435535837,22992.79521484375,23934.052356099917,22051.538073587584,0.08187409425092493,252.71805245535714,-5692000.0,23690.40630654105,-0.00024400049223838316,0.006827699441696157
2025-03-04 00:00:00+05:30,21974.44921875,22105.05078125,21964.599609375,22082.650390625,253300,0.0,0.0,22928.8751953125,23234.00109375,,22757.164551265574,23186.01288052204,-428.84832925646697,-348.05470014595016,-80.7936291105168,2.8819119461279,9.288751669353513,6.305737365360851,22928.8751953125,23936.15081632538,21921.59957429962,0.08786088392323782,234.95382254464286,-5945300.0,23674.279415819605,-0.0016569416451024388,0.006789947544430334
2025-03-05 00:00:00+05:30,22073.05078125,22394.900390625,22067.80078125,22337.30078125,305900,0.0,0.0,22858.777734375,23205.678125,,22717.177525549807,23152.73005309961,-435.5525275498039,-365.5542656267209,-69.99826192308302,22.297037027978874,29.325757913388788,15.628963601221445,22858.777734375,23822.798887447796,21894.7565813022,0.08434581798510633,233.57882254464286,-5639400.0,23657.75594077769,0.011531695069225467,0.00615499460808039
2025-03-06 00:00:00+05:30,22476.349609375,22556.44921875,22245.849609375,22544.69921875,372100,0.0,0.0,22801.19765625,23182.0191015625,,22700.751020140302,23128.885706654528,-428.1346865142259,-378.0703498042219,-50.064336710004,33.46015226236385,49.619348490341295,29.4112860243612,22801.19765625,23689.15698129744,21913.238331202556,0.07788707755042382,238.38588169642858,-5267300.0,23640.73905822496,0.009284847776867,0.00674187251103513
2025-03-07 00:00:00+05:30,22508.650390625,22633.80078125,22464.75,22552.5,289800,0.0,0.0,22748.65517578125,23158.0651171875,,22686.631875365034,23106.282345609252,-419.650470244218,-386.3863738922212,-33.26409635199684,36.31939381388316,54.16691410277866,44.37067350216958,22748.65517578125,23557.60893767694,21939.701413885556,0.07112101842019426,224.82882254464286,-4977500.0,23628.91339709556,0.00034601398645017767,0.006760879062844248
2025-03-10 00:00:00+05:30,22521.849609375,22676.75,22429.05078125,22460.30078125,293900,0.0,0.0,22693.67275390625,23131.003125,,22665.076533068364,23080.949735242222,-415.87320217385786,-392.2837395485485,-23.589462625309352,32.65342411458418,45.67202748250402,49.81943002520799,22693.67275390625,23415.208877755,21972.136630057495,0.0635891890813095,224.75376674107142,-5271400.0,23616.871498236895,-0.004088203913091726,0.006772330446531685
2025-03-11 00:00:00+05:30,22345.94921875,22522.099609375,22314.69921875,22497.900390625,347900,0.0,0.0,22649.48779296875,23108.063125,,22649.154995692807,23058.085055061158,-408.93005936835107,-395.61300351250907,-13.317055855842,34.70215587881346,49.13631300398237,49.658418196421685,22649.48779296875,23298.20402155976,22000.77156437774,0.05728308158848473,225.92522321428572,-4923500.0,23601.97070282283,0.0016740474556060647,0.006713606127342404
2025-03-12 00:00:00+05:30,22536.349609375,22577.400390625,22329.55078125,22470.5,369700,0.0,0.0,22619.42275390625,23084.577109375,,22632.140234198254,23035.04250388229,-402.9022696840366,-397.07085674681457,-5.831412937222012,34.34980175230078,52.73915982538442,49.18250010395693,22619.42275390625,23240.892282034467,21997.95322577803,0.0549500785134664,226.8359375,-5293200.0,23586.73590084178,-0.0012179087892316698,0.006159553458062495
2025-03-13 00:00:00+05:30,22541.5,22558.05078125,22377.349609375,22397.19921875,287500,0.0,0.0,22587.02021484375,23057.6630859375,,22609.76489939366,23010.02904172024,-400.26414232658135,-397.70951386276795,-2.554628463813401,33.14820839632813,45.2320611341762,49.035844654514335,22587.02021484375,23182.020744462123,21992.019685225376,0.052685172630903374,231.16099330357142,-5580700.0,23575.012919520268,-0.003262089461738671,0.006174908957813694
2025-03-17 00:00:00+05:30,22353.150390625,22577.0,22353.150390625,22508.75,251100,0.0,0.0,22560.8876953125,23024.065078125,,22600.144432784742,22990.371040084156,-390.22660729941344,-396.2129325500971,5.986325250683649,40.58616145692599,76.40947723800878,58.1268993991898,22560.8876953125,23118.441763124,22003.333627501,0.04942660726309479,232.81459263392858,-5329600.0,23565.28394510828,0.004980568336268254,0.006337250238334571
2025-03-18 00:00:00+05:30,22662.25,22857.80078125,22599.19921875,22834.30078125,272600,0.0,0.0,22556.140234375,23000.65609375,,22622.44503740048,22984.250637776935,-361.8056003764541,-389.3314661153685,27.525865738914433,58.73522692631408,97.36901375188872,73.00351737469123,22556.140234375,23101.981780376766,22010.298688373237,0.04839848842311372,237.95396205357142,-5057000.0,23557.629269167668,0.01446329899483545,0.007172108190024432
2025-03-19 00:00:00+05:30,22874.94921875,22940.69921875,22807.94921875,22907.599609375,324000,0.0,0.0,22553.54521484375,22986.4870703125,,22649.60261568377,22981.244715094504,-331.6420994107357,-377.793592774442,46.15149336370632,60.74355456661534,96.60899266252203,90.12916121747317,22553.54521484375,23091.75259565245,22015.33783403505,0.047727075781813344,239.47893415178572,-4733000.0,23550.084631400056,0.0032100316461272094,0.0072053364993456236
2025-03-20 00:00:00+05:30,23036.599609375,23216.69921875,22973.94921875,23190.650390625,313700,0.0,0.0,22565.8126953125,22976.1420703125,,22701.13097520198,22989.45670237021,-288.3257271682305,-359.9000196531997,71.57429248496919,66.50136035743704,97.91958819170924,97.29919820203999,22565.8126953125,23150.771512981522,21980.853877643476,0.05184469317079231,254.06459263392858,-4419300.0,23545.53755872013,0.012356195589090069,0.007720757270574631
2025-03-21 00:00:00+05:30,23168.25,23402.69921875,23132.80078125,23350.400390625,541000,0.0,0.0,22586.6876953125,22969.37109375,,22762.96615762322,23003.611356811576,-240.64519918835504,-336.0490555602308,95.40385637187575,86.14359088956132,96.36333757522337,96.9639728098182,22586.6876953125,23251.193693121153,21922.181697503845,0.05884049992390528,241.90011160714286,-3878300.0,23540.98281235543,0.0068885519512889015,0.007842756131551776
2025-03-24 00:00:00+05:30,23515.400390625,23708.75,23433.5,23658.349609375,311900,0.0,0.0,22623.94765625,22972.0080859375,,22848.240772075773,23029.287366716027,-181.04659464025463,-305.04856337623556,124.00196873598094,88.51183663016481,97.11031853125122,97.13108143272795,22623.94765625,23433.30924003103,21814.586072468966,0.07154910328458448,249.14997209821428,-3566400.0,23541.597767214338,0.013188177230298859,0.008290146758619537
2025-03-25 00:00:00+05:30,23751.5,23869.599609375,23601.400390625,23668.650390625,338200,0.0,0.0,22667.58515625,22976.75109375,,22926.375021461412,23054.360426477164,-127.9854050157519,-269.63593170413884,141.65052668838695,90.21704461934978,88.8472999530634,94.10698535317933,22667.58515625,23600.64077657035,21734.529535929647,0.08232510114233199,257.25697544642856,-3228200.0,23543.50875131946,0.00043539728764163677,0.0081438351512194
2025-03-26 00:00:00+05:30,23700.94921875,23736.5,23451.69921875,23486.849609375,278600,0.0,0.0,22714.26015625,22984.7691015625,,22979.75355364366,23071.320786590804,-91.56723294714538,-234.02219195274017,142.4549590055948,80.26799333102258,76.42802155504233,87.461880013119,22714.26015625,23714.24848532805,21714.271827171946,0.0880493859099257,254.23563058035714,-3506800.0,23543.643645322118,-0.007681079328545448,0.00792781246354017
2025-03-27 00:00:00+05:30,23433.94921875,23646.44921875,23412.19921875,23591.94921875,510300,0.0,0.0,22766.480078125,22993.0870703125,,23038.057902701406,23091.737587851952,-53.67968515054599,-197.95369059230134,144.27400544175535,79.14448094655208,82.14352557250326,82.47294902686967,22766.480078125,23836.442871063453,21696.51728518655,0.0939945735367776,248.78208705357142,-2996500.0,23543.750999240263,0.004474827877002596,0.00792563747956335
2025-03-28 00:00:00+05:30,23600.400390625,23649.19921875,23450.19921875,23519.349609375,295400,0.0,0.0,22815.19501953125,22999.210078125,,23083.895208098893,23108.50668673521,-24.61147863631777,-163.28524820110465,138.67376956478688,75.97031885615117,77.47444131394067,78.6819961471621,22815.19501953125,23930.468456292587,21699.92158276991,0.09776584734924185,250.92131696428572,-3291900.0,23543.7118561325,-0.0030773044101545244,0.008000462065294242
2025-04-01 00:00:00+05:30,23341.099609375,23565.150390625,23136.400390625,23165.69921875,314300,0.0,0.0,22867.24501953125,22996.288046875,,23091.68606625614,23110.74953112795,-19.06346487180781,-134.4408915352453,115.37742666343749,66.61401052141545,54.73019398097496,71.44938695580629,22867.24501953125,23943.309992800867,21791.18004626163,0.09411408959413654,263.853515625,-3606200.0,23541.19291618954,-0.015036571865236992,0.007533962984257332
2025-04-02 00:00:00+05:30,23192.599609375,23350.0,23158.44921875,23332.349609375,341000,0.0,0.0,22927.8974609375,22998.8710546875,,23114.606403696034,23119.43973027489,-4.833326578856941,-108.51937854396763,103.68605196511069,68.52723330442325,65.11474245565975,65.77312591685846,22927.8974609375,23962.399883896087,21893.395037978913,0.09023962399701757,262.72140066964283,-3265200.0,23538.422131743428,0.0071938424586863725,0.007583706294406262
2025-04-03 00:00:00+05:30,23150.30078125,23306.5,23145.80078125,23250.099609375,283200,0.0,0.0,22986.269921875,22996.978046875,,23127.510518522606,23124.563647102346,2.946871420259413,-86.22612855112223,89.17299997138164,66.89783867856875,59.147989109015455,59.664308515216725,22986.269921875,23949.231606681664,22023.308237068333,0.08378581545240256,258.3427734375,-3548400.0,23535.762045717798,-0.0035251486188494496,0.007651404510805474
2025-04-04 00:00:00+05:30,23190.400390625,23214.69921875,22857.44921875,22904.44921875,466800,0.0,0.0,23014.62734375,22994.5740234375,,23106.266585210928,23115.93170873559,-9.665123524660885,-70.91392754582996,61.24880402116908,59.833657194178684,36.35458552179098,53.53910569548873,23014.62734375,23929.314871056216,22099.93981644378,0.0794874940744688,273.4820033482143,-4015200.0,23528.040860659323,-0.014866619775066536,0.008281772449566762
2025-04-07 00:00:00+05:30,21758.400390625,22254.0,21743.650390625,22161.599609375,647100,0.0,0.0,22995.47236328125,22974.6990234375,,23016.298301797982,23078.50692052537,-62.208618727388966,-69.17286578214177,6.9642470547528035,44.593432946960945,19.659416841374167,38.38733049072687,22995.47236328125,23965.940362407353,22025.004364155146,0.08440513713262349,340.40694754464283,-4662300.0,23499.557871879115,-0.03243254628305536,0.010976520815919745
2025-04-08 00:00:00+05:30,22446.75,22697.19921875,22270.849609375,22535.849609375,468300,0.0,0.0,22994.63984375,22961.3090234375,,22970.541283471983,23057.22624165673,-86.68495818474548,-72.67528426266252,-14.009673922082968,45.42133476360128,37.26331803991967,31.092440134361606,22994.63984375,23966.735068867718,22022.54461863228,0.08454972391158687,353.7318638392857,-4194000.0,23485.7992660533,0.016887318902814252,0.011668681653596864
2025-04-09 00:00:00+05:30,22460.30078125,22468.69921875,22353.25,22399.150390625,383800,0.0,0.0,22991.58232421875,22947.448046875,,22916.123103200844,23031.419345537837,-115.2962423369936,-81.19947587752874,-34.09676645946486,42.34851094497474,30.833285866791122,29.252006916028318,22991.58232421875,23971.110227517092,22012.05442092041,0.08520752416996823,357.2925502232143,-4577800.0,23473.749977754454,-0.006065856008070525,0.011713693822755862
2025-04-11 00:00:00+05:30,22695.400390625,22923.900390625,22695.400390625,22828.55078125,402200,0.0,0.0,23008.11484375,22947.4360546875,,22907.782882062667,23023.463715565766,-115.68083350309826,-88.09574740264264,-27.585086100455612,44.780772455248275,51.03134077976198,39.70931489549093,23008.11484375,23963.42099878426,22052.808688715744,0.08304080204065564,372.69614955357144,-4175600.0,23466.13951906854,0.019170387409190415,0.012479180681693222
2025-04-15 00:00:00+05:30,23368.349609375,23368.349609375,23207.0,23328.55078125,388300,0.0,0.0,23051.0173828125,22954.8620703125,,22947.856015318604,23035.42791422005,-87.57189890144582,-87.99097770240328,0.41907880095746464,49.71319576369607,74.55024685664307,52.13829116773206,23051.0173828125,23981.408777467812,22120.62598815719,0.0807245406312554,391.97474888392856,-3787300.0,23464.31864637903,0.02190239778210845,0.01332427123364935
2025-04-16 00:00:00+05:30,23344.099609375,23452.19921875,23273.05078125,23437.19921875,348400,0.0,0.0,23103.0173828125,22960.3440625,,22994.460129931118,23051.1836516526,-56.72352172148021,-81.73748650621867,25.013964784738462,46.93684758984614,79.66083165056786,68.4141397623243,23103.0173828125,23995.00651635277,22211.028249272233,0.07721840993842335,379.17466517857144,-3438900.0,23463.564581940296,0.004657316201027051,0.013278503260571709
2025-04-17 00:00:00+05:30,23401.849609375,23872.349609375,23298.55078125,23851.650390625,505300,0.0,0.0,23170.16240234375,22972.3870703125,,23076.09729761625,23082.57450416132,-6.477206545070658,-66.68543051398908,60.20822396891842,52.279521674140504,99.02761185950193,84.41289678890428,23170.16240234375,24075.868350132627,22264.456454554875,0.07817864476403155,401.00320870535717,-2933600.0,23466.520393999184,0.017683476937954135,0.01370751863914586
2025-04-21 00:00:00+05:30,23949.150390625,24189.55078125,23903.650390625,24125.55078125,406100,0.0,0.0,23234.72490234375,22984.730078125,,23176.04524843851,23123.475534635385,52.569713803124614,-42.83440165056634,95.40411545369096,57.777468067466316,97.38337668020708,92.02394006342563,23234.72490234375,24220.202408961588,22249.247395725914,0.08482799006743819,404.79603794642856,-2527500.0,23473.283544050355,0.011483498464016417,0.013591971350893241
2025-04-22 00:00:00+05:30,24185.400390625,24242.599609375,24072.0,24167.25,440900,0.0,0.0,23297.707421875,23000.8540625,,23270.445700968172,23164.40786661047,106.0378343577031,-13.059954448912457,119.09778880661557,57.115305271559166,96.98474827701018,97.7985789389064,23297.707421875,24353.647436754727,22241.76740699527,0.09064754705334406,400.2495814732143,-2086600.0,23481.506711923248,0.0017284255654137493,0.01359389916219688
2025-04-23 00:00:00+05:30,24357.599609375,24359.30078125,24119.94921875,24328.94921875,0,0.0,0.0,23354.62236328125,23012.648046875,,23371.255559804536,23210.076154929666,161.17940487487067,21.78791741584417,139.3914874590265,59.79718087754038,98.83961699893892,97.73591398538541,23354.62236328125,24504.771687311222,22204.47303925128,0.0984943627980272,403.1318359375,-2086600.0,23481.506711923248,0.006690840652122221,0.013441766843385584
